,,Ind Month,Shift, Infant,1,2,3,4,5,5-12,ALL,LIC,LIC MAX,Employees,Category Operation,Operation Site,SCC,License Type
92003460,A BRIGHT CHILD LEARNING CENTER,11,-1,0,3,8,8,0,0,0,19,60,60,4,Independent,Converted House,Y,3 Star C 2C
92002888,A KIND GARDEN,11,-1,0,7,3,2,1,1,13,27,12,12,3,Independent,Family Residence,Y,5 Star C 2C
92003352,A MOTHERS TOUCH CHILD DEVELOPMENT CENTER,4,-1,0,0,11,9,9,2,0,31,69,69,7,Independent,Family Residence,Y,4 Star C 2C
92003128,"A MOTHERS TOUCH CHILD DEVELOPMENT CENTER, INC",9,-1,0,3,1,0,0,0,0,4,12,12,1,Independent,Family Residence,Y,3 Star C 2C
92001891,"A MOTHER'S TOUCH CHILD DEVELOPMENT CENTER, INC.",10,-1,0,0,0,0,0,0,1,1,12,0,2,Independent,Family Residence,Y,4 Star C 2C
92002320,"A PLACE TO GROW IN CARY, LLC",12,-1,0,1,3,7,4,0,0,15,12,12,4,Independent,Family Residence,Y,3 Star C 2C
92001810,A SAFE PLACE CHILD ENRICHMENT CENTER,12,-1,7,2,11,6,17,0,0,43,47,47,9,Independent,Converted House,Y,5 Star C 2C
92002296,A SAFE PLACE EARLY LEARNING CENTER,5,-1,0,1,8,15,0,0,0,24,27,27,6,Independent,Converted House,Y,5 Star C 2C
92001651,"ABC LAND, INC II",1,-1,0,0,0,0,51,16,18,85,78,78,12,Independent,Constructed for Child Care,Y,5 Star C 2C
92001611,"ABC LAND, INC.",10,-1,6,9,11,12,8,0,0,46,80,80,13,Independent,Converted House,Y,5 Star C 2C
92001241,ACADEMICALLY BASED CHILD,5,-1,0,0,0,0,47,7,0,54,74,74,7,Independent,Industry/Business,Y,5 Star C 2C
92002485,ALL STARZ CHILDREN'S ACADEMY,6,-1,14,43,56,39,50,4,0,206,299,299,31,Independent,Constructed for Child Care Care,N,5 Star C 2C
92003306,ALL STARZ CHILDREN'S ACADEMY,8,-1,15,32,30,50,62,27,1,217,225,207,29,Independent,Constructed for Child Care Care,N,5 Star C 2C
92000691,ALMA'S CHILDCARE CENTER,2,-1,1,0,0,1,0,0,0,2,12,12,1,Independent,Family Residence,Y,4 Star C 2C
92003584,ALSTON RIDGE ELEMENTARY,6,-1,0,0,0,0,20,9,0,29,36,36,4,Local Public School,School,N,4 Star C 2C
92002546,ANNE'S CHILDCARE INC.,2,-1,0,0,0,0,0,0,6,6,12,12,2,Independent,Family Residence,Y,4 Star C 2C
92003307,"APEX PEAK SCHOOLS, INC.",9,-1,10,0,9,11,21,2,0,53,60,60,7,Independent,Constructed for Child Care Care,N,1 Star C 2C
92002330,APPLETREE CHILD DEVELOPMENT CENTER,8,-1,8,10,16,24,25,12,36,131,172,192,20,Independent,Constructed for Child Care,Y,5 Star C 2C
9255418,APPLETREE DAY CARE,2,-1,2,14,11,4,0,0,0,31,65,65,7,Independent,,Y,5 Star C 2C
92001305,APPLETREE DAY CARE #3,11,-1,3,14,17,11,13,3,35,96,113,118,16,Independent,Industry/Business,Y,5 Star C 2C
92000412,APPLETREE DAY CARE II,7,-1,0,0,0,6,11,5,5,27,50,50,5,Independent,Converted House,Y,5 Star C 2C
92003359,ARROW CHRISTIAN PRESCHOOL,12,-1,0,6,10,5,7,2,30,60,87,87,7,Independent,Religious,Y,4 Star C 2C
9255315,ASBURY PRESCHOOL,10,-1,0,0,12,12,35,26,0,85,150,150,18,Religious Sponsored,,Y,5 Star C 2C
92003225,ASHEBRIDGE CHILDREN'S ACADEMY,12,-1,8,12,24,23,26,4,0,97,99,99,17,Independent,Constructed for Child,Y,5 Star C 2C
92003440,ASHEBRIDGE CHILDREN'S ACADEMY OF APEX,6,-1,7,19,21,10,8,5,0,70,162,162,19,Independent,Constructed for Child Care,Y,5 Star C 2C
92003585,AVERSBORO ELEMENTARY SCHOOL,6,-1,0,0,0,0,20,7,0,27,36,36,6,Local Public School,School,N,4 Star C 2C
92003372,"AVERSBORO ROAD CHILD CARE CENTER, LLC",9,-1,4,2,5,3,14,0,1,29,39,39,6,Independent,Converted Building,Y,4 Star C 2C
92003094,BAILEYWICK ELEMENTARY,8,-1,0,0,0,0,13,2,0,15,18,18,2,Local Public School,School,N,4 Star C 2C
92003437,BAMBINO'S PLAYSCHOOL,5,-1,2,10,10,19,0,0,15,56,164,164,16,Independent,Constructed for Child Care,Y,5 Star C 2C
92003524,BANKS ROAD ELEMENTARY,9,-1,0,0,0,0,16,13,0,29,36,36,5,Local Public School,Government Building,N,5 Star C 2C
92003664,BARBARA H. CURTIS CENTER,9,-1,3,18,1,12,5,3,0,42,82,82,13,Head Start,Constructed for Child Care,N,Temp C
92003525,BARWELL ROAD ELEMENTARY,9,-1,0,0,0,0,4,14,0,18,18,18,3,Local Public School, Government Building,,4 Star C 2C
9259002,BEACON BAPTIST CHURCH DAYCARE,4,-1,2,7,11,15,10,0,0,45,175,175,16,Religious Sponsored  ,Religious,N,Other
92003527,BEAVERDAM ELEMENTARY,9,-1,0,0,0,0,8,7,0,15,18,18,4,Local Public School, Government Building,,5 Star C 2C
92003134,BEDFORD SCHOOL OF DISCOVERY,11,-1,15,19,11,9,15,0,0,69,176,176,12,Independent,Constructed for Child Care,Y,5 Star C 2C
92001201,BEFORE THE BELL PRESCHOOL,1,-1,0,0,2,1,1,0,0,4,12,12,1,Independent,Family Residence,Y,4 Star C 2C
92001250,BEGINNING & BEYOND CHILD DEVELOPMENT CENTER #2,11,-1,5,10,3,0,0,0,0,18,30,30,4,Independent,Modular,Y,4 Star C 2C
92001413,"BEGINNING & BEYOND CHILD DEVELOPMENT CENTER, INC",11,-1,0,0,8,8,12,0,0,28,120,120,5,Independent,Converted Building,Y,4 Star C 2C
9255401,"BETH MEYER PRESCHOOL, INC.",8,-1,0,9,8,5,14,1,0,37,75,75,10,Independent,Religious,N,5 Star C 2C
92003234,BRENTWOOD CHILD CARE-THE FOUNDATION OF,6,-1,3,10,11,26,19,3,60,132,183,183,22,Independent,Constructed for Child,Y,3 Star C 2C
92003591,BRIDGE ACADEMY,7,-1,6,12,10,6,12,4,0,50,65,65,11,Independent,Religious,Y,5 Star C 2C
92001132,BRIGHT BEGINNINGS CHILD DEVELOPMENT CENTER,4,-1,7,5,17,16,56,13,0,114,188,188,12,Independent,Constructed for Child Care,Y,5 Star C 2C
92003163,BRIGHT HAVEN ACADEMY,11,-1,12,14,11,15,12,1,0,65,100,100,8,Independent,Constructed for Child Care,Y,3 Star C 2C
92003661,BRIGHT HORIZONS AT BIOGEN RTP,9,-1,7,8,2,5,3,0,0,25,60,50,9,Franchise,Industry/Business,N,Temp C
92000860,BRIGHT HORIZONS AT RALEIGH CORPORATE CENTER,8,-1,15,16,20,19,24,6,15,115,144,144,18,Independent,Constructed for Child Care,Y,5 Star C 2C
92000571,BRIGHT HORIZONS CHILDREN'S CENTER,3,-1,24,39,41,0,0,0,0,104,192,192,26,Franchise,Constructed for Child Care,Y,5 Star C 2C
92000688,BRIGHT HORIZONS CHILDREN'S CENTER AT THE FORUM,9,-1,23,33,40,44,42,12,14,208,240,240,37,Franchise,Constructed for Child Care,Y,5 Star C 2C
92000836,BRIGHT HORIZONS CHILDREN'S CTR'S AT SHEPHERD'S VI,9,-1,16,19,29,36,31,2,0,133,144,144,19,Independent,Constructed for Child Care,Y,5 Star C 2C
92001325,BRIGHT HORIZONS CLUBHOUSE AT WEST CARY,9,-1,0,7,11,19,13,8,15,73,194,194,8,Independent,Constructed for Child Care,Y,5 Star C 2C
92001134,BRIGHT HORIZONS FAMILY SOLUTIONS,3,-1,0,0,0,53,62,12,30,157,199,199,18,Independent,Constructed for Child Care,Y,5 Star C 2C
92003598,BRYAN ROAD ELEMENTARY,7,-1,0,0,0,0,11,7,0,18,18,18,4,Local Public School,School,N,5 Star C 2C
92003586,BUCKHORN CREEK ELEMENTARY,6,-1,0,0,0,0,9,6,0,15,18,18,4,Local Public School,School,N,4 Star C 2C
92003643,BUGG ELEMENTARY,1,-1,0,0,0,0,15,2,0,17,15,18,3,Local Public School, School,N,Temp C
92003318,BUSY BEE PRESCHOOL,12,-1,2,1,7,4,1,0,0,15,12,12,2,Independent,Family Residence,Y,3 Star C 2C
92002649,BUSY BEES LEARNING CENTER II,7,-1,2,3,1,2,1,0,0,9,36,36,4,Independent,Converted House,Y,3 Star C 2C
9255316,BUTTONS AND BOWS #1,1,-1,7,18,10,12,20,12,0,79,108,108,14,Independent,Constructed for Child Care,Y,5 Star C 2C
92000200,BUTTONS AND BOWS PRESCHOOL II,5,-1,0,6,13,15,52,0,0,86,131,131,12,Independent,Constructed for Child Care,Y,5 Star C 2C
5 Star C 2C,CARE,,-2,0,0,0,0,0,0,0,0,0,0,,,,,
92000015,"CARY PRESBYTERIAN CHURCH, INC.",4,-1,0,1,21,12,21,6,0,61,70,70,10,Religious Sponsored,Religious,Y,Other
9255263,"CATHY LEE CHILD DEVELOPMENT CENTER, INC.",7,-1,7,8,9,9,9,1,7,50,118,118,14,Independent,Constructed for Child Care,Y,3 Star C 2C
92002817,CENTRAL BAPTIST CHURCH PRESCHOOL,5,-1,6,22,25,38,44,8,0,143,180,180,38,Religious Sponsored, Religious,N,Other
92000485,CHESTERBROOK ACADEMY,3,-1,0,0,0,18,18,4,0,40,57,57,8,Private School,Converted Building,Y,3 Star C 2C
92000605,CHESTERBROOKACADEMY,10,-1,12,20,20,23,23,8,0,106,135,135,21,Private School,Constructed for Child Care,Y,3 Star C 2C
92000754,CHESTERBROOKACADEMY,6,-1,8,16,23,54,48,22,0,171,199,199,33,Independent,Constructed for Child Care,Y,5 Star C 2C
92000816,CHILDCARE NETWORK # 59,12,-1,10,16,19,23,44,14,0,126,170,170,27,Franchise,Constructed for Child Care,Y,5 Star C 2C
92003209,CHILDCARE NETWORK #236,3,-1,13,24,20,17,16,18,22,130,150,150,27,Franchise,Constructed for Child,Y,5 Star C 2C
92000817,CHILDCARE NETWORK #60,6,-1,4,11,12,15,15,63,0,120,199,199,20,Independent,Constructed for Child Care,Y,5 Star C 2C
92000815,CHILDCARE NETWORK #61,8,-1,18,10,37,16,35,28,0,144,175,175,19,Independent,Constructed for Child Care,Y,5 Star C 2C
92001756,CHILDCARE NETWORK-FUQUAY VARINA ELC,10,-1,8,12,16,18,50,11,14,129,163,163,31,Independent,Constructed for Child Care,Y,5 Star C 2C
92001451,CHILDREN'S DISCOVERY CENTER,4,-1,25,40,43,52,37,20,1,218,250,250,29,Independent,Constructed for Child Care,Y,3 Star C 2C
92003448,CHILDRENS LIGHTHOUSE LEARNING CENTER,11,-1,10,21,34,41,20,0,14,140,191,191,27,Franchise,Constructed for Child Care,N,5 Star C 2C
92003687,CHILDRENS LIGHTHOUSE LEARNING CENTER,1,-1,0,0,0,0,0,0,0,0,177,0,0,Franchise,Constructed for Child Care,Y,Temp C
92001202,CHILDTIME CHILDCARE #2013,3,-1,7,21,18,30,30,6,0,112,181,181,21,Franchise,Constructed for Child Care,Y,4 Star C 2C
92000632,"CHILDWORKS, INC.",12,-1,5,11,10,16,14,3,4,63,92,92,14,Independent,Converted House,Y,4 Star C 2C
92003490,CORNERSTONE LEARNING CENTER,9,-1,9,17,13,12,11,4,0,66,100,100,12,Religious Sponsored,  Constructed for Child Care Care,Y,Other
92003272,COUNTRY DAY MONTESSORI SCHOOL OF RALEIGH,1,-1,6,11,16,5,12,4,0,54,70,70,13,Independent,Converted Building,Y,3 Star C 2C
92001245,COUNTRY SUNSHINE CHILDREN'S CENTER,8,-1,14,21,22,23,18,17,35,150,161,161,18,Independent,Constructed for Child Care,Y,4 Star C 2C
92001788,CREATIVE KIDZ ACADEMY,1,-1,17,15,27,24,20,8,42,153,172,172,30,Independent,Constructed for Child Care,Y,3 Star C 2C
92003353,CREATIVE LEARNING CENTER,8,-1,3,2,4,4,7,1,22,43,89,89,12,Independent,Converted Building,Y,4 Star C 2C
92003485,CREATIVE SCHOOLS OF APEX,9,-1,15,17,29,22,17,9,17,126,135,135,19,Independent,Constructed for Child Care,Y,5 Star C 2C
92003039,CREECH ROAD ELEMENTARY,5,-1,0,0,0,0,27,1,0,28,36,36,5,Local Public School,School,N,5 Star C 2C
92001438,CROSBY HEAD START,6,-1,0,0,0,26,78,20,0,124,140,140,20,Head Start,Constructed for Child Care,Y,5 Star C 2C
92000282,DENISE'S LEARN AND PLAY,5,-1,2,2,3,1,1,0,0,9,12,12,4,Independent,Family Residence,Y,3 Star C 2C
92003038,DILLARD DRIVE ELEMENTARY,5,-1,0,0,0,0,12,6,0,18,18,18,2,Local Public School,School,N,5 Star C 2C
92003275,DISCOVERY POINT HERITAGE,7,-1,9,8,15,20,26,0,80,158,210,210,24,Franchise,Constructed for Child Care Care,Y,5 Star C 2C
92003270,DOROTHY BABB ACADEMY,12,-1,0,1,2,0,1,0,0,4,10,10,2,Independent,Constructed for Child,,4 Star C 2C
92000681,DURANT ROAD PRESCHOOL,1,-1,12,24,28,31,31,2,0,128,173,173,21,Independent,Constructed for Child Care,Y,5 Star C 2C
92001261,"EARLY PRESCHOOL AND LEARNING CENTER, L.L.C.",2,-1,0,0,0,0,26,8,0,34,59,59,5,Independent,Converted House,Y,5 Star C 2C
9253190,EDENTON STREET UNITED METHODIST CHILD DEV. CTR.,10,-1,0,0,10,20,21,8,0,59,100,67,9,Religious Sponsored Religious,Religious,Y,5 Star C 2C
5 Star C 2C,EDUCATION,,-2,0,0,0,0,0,0,0,0,0,0,,,Care,,
92003369,EDUCATIONAL JOURNEYS,7,-1,0,5,11,14,19,6,0,55,75,75,9,Independent,Constructed for Child Care,N,1 Star C 2C
92000489,ELLA'S PRIVATE DAY CARE,10,-1,1,3,2,3,2,0,0,11,12,12,3,Independent,Family Residence,Y,3 Star C 2C
9255432,ELLEN BREWER INFANT-TODDLER LAB HOME,10,-1,3,3,0,0,0,0,0,6,12,12,3,College/University,,Y,5 Star C 2C
9251970,ERNEST MYATT CHILDREN'S DEVELOPMENT CENTER,11,-1,0,0,6,23,20,5,0,54,77,77,6,Religious Sponsored Religious,,Y,5 Star C 2C
92003182,ESTEEM ME MONTESSORI & CREATIVE PLAY,10,-1,6,13,13,2,0,0,0,34,40,40,10,Independent,Converted Building,Y,5 Star C 2C
92003381,ESTEEM ME—MCP,3,-1,0,0,3,18,12,8,0,41,75,75,10,Independent,Converted Building,N,5 Star C 2C
92003614,EVERBROOK ACADEMY,9,-1,7,24,24,35,30,4,0,124,138,135,23,Franchise,Constructed for Child Care,N,5 Star C 2C
92002826,EXECUTIVE PARK LEARNING CENTER,1,-1,5,8,9,11,12,4,0,49,89,89,9,Independent,Constructed for Child Care,Y,5 Star C 2C
92003237,FAIRVIEW CHILDREN'S CENTER,11,-1,4,8,13,16,31,4,8,84,119,119,13,Independent,Constructed for Child,Y,5 Star C 2C
92003206,FALLS ACADEMY,6,-1,7,18,22,22,12,1,0,82,144,144,17,Independent,Constructed for Child,Y,4 Star C 2C
92001401,FIRST PRESBYTERIAN CHURCH CHILD DEV CTR,6,-1,6,13,19,16,14,8,0,76,96,96,17,Religious Sponsored,Constructed for Child Care,Y,4 Star C 2C
92003031,FORESTVILLE ROAD ELEMENTARY,1,-1,0,0,0,0,15,1,0,16,18,18,2,Local Public School,School,N,4 Star C 2C
92002942,FOUNDATIONS ACADEMY,12,-1,9,14,13,21,9,3,25,94,114,114,18,Independent,Constructed for Child Care,Y,5 Star C 2C
92003367,FRANKIE LEMMON SCHOOL AND DEVELOPMENT CENTER,11,-1,0,0,0,10,9,4,2,25,123,123,7,Independent,Constructed for Child Care,Y,5 Star C 2C
9255098,FUQUAY-VARINA BAPTIST WEE CARE,5,-1,0,0,3,24,40,33,32,132,150,150,26,Religious Sponsored Religious,Religious,N,Other
92002158,"GARNER ACADEMY, INC",1,-1,2,4,3,1,4,0,13,27,50,50,6,Independent,Converted Building,Y,3 Star C 2C
9255301,GARNER ROAD COMMUNITY CENTER,10,-1,0,0,0,0,0,0,9,9,50,50,4,Community Service Agency,Community Building,Y,4 Star C 2C
9255310,GINGERBREAD LITTLEVERSITY UPTOWN,9,-1,10,13,16,30,25,0,50,144,165,165,22,Independent,Constructed for Child Care,Y,5 Star C 2C
92000767,GOOD-HONEY BEARS CHILD DEVELOPMENT CTR I,8,-1,0,1,6,5,6,2,1,21,35,35,4,Independent,Constructed for Child Care,Y,3 Star C 2C
92000768,GOOD-HONEYBEARS CHILD DEVELOPMENT CTR INC. II,9,-1,1,0,0,0,0,0,0,1,15,15,2,Independent,Constructed for Child Care,Y,3 Star C 2C
92003484,GREAT MINDS MONTESSORI ACADEMY INC.,3,-1,0,0,0,6,9,2,0,17,25,25,2,Independent,Converted Building,N,1 Star C 2C
92002511,GREATER WORD OF TRUTH CHILD DEVELOPMENT CENTER,7,-1,0,3,7,6,5,1,2,24,36,36,6,Religious Sponsored,Religious,Y,Other
92002249,GROW-N-LEARN CHILD CARE CENTER OF KNIGHTDALE,6,-1,8,14,9,17,13,2,32,95,157,157,16,Independent,Constructed for Child Care,Y,3 Star C 2C
92003454,GUIDEPOST MONTESSORI SPRUCE TREE,3,-1,2,10,32,31,13,9,0,97,135,135,19,Independent,Constructed for Child Care,N,1 Star C 2C
92003473,"GURU ACADEMY, INC.",5,-1,0,0,1,6,7,3,1,18,30,30,0,Independent,Converted House,Y,1 Star C 2C
92002224,HAPPY TIMES CHILDCARE LEARNING CENTER,8,-1,2,1,2,2,2,2,1,12,12,12,3,Independent,Family Residence,Y,3 Star C 2C
92000717,HARPS MILL CREATIVE SCHOOL,10,-1,9,23,13,30,38,3,23,139,140,140,29,Independent,Constructed for Child Care,Y,5 Star C 2C
92001840,HARVEST CHURCH DAYCARE,3,-1,8,5,9,7,11,1,0,41,63,61,7,Religious Sponsored,Religious,Y,Other
92002011,HEARTWOOD MONTESSORI SCHOOL,10,-1,0,5,9,29,23,20,5,91,115,115,10,Independent,Constructed for Child,N,1 Star C 2C
92003588,HERBERT AKINS ELEMENTARY,6,-1,0,0,0,0,17,13,0,30,36,36,7,Local Public School,School,N,4 Star C 2C
92001873,"HERITAGE CHILDREN'S ACADEMY, INC.",8,-1,10,21,29,34,34,11,0,139,129,180,19,Independent,Constructed for Child,Y,4 Star C 2C
92000100,HERITAGE CHRISTIAN ACADEMY DAYCARE,11,-1,6,15,13,14,15,1,0,64,125,125,18,Religious Sponsored,School,Y,Other
9255436,HIGHLAND CHILDREN'S CENTER,2,-1,0,8,17,16,20,16,25,102,93,140,13,Religious Sponsored  ,Religious,Y,5 Star C 2C
92002807,HILLEL SCHOOL,5,-1,0,3,13,10,13,3,0,42,65,65,12,Independent,Constructed for Child Care,Y,5 Star C 2C
92002478,"HOCUTTS CHILD CARE, INC.",4,-1,5,15,11,18,18,10,42,119,147,147,18,Independent,Converted Building,Y,4 Star C 2C
92003032,HODGE ROAD ELEMENTARY,6,-1,0,0,0,0,16,2,0,18,18,18,3,Local Public School,School,N,4 Star C 2C
92002987,HOLLY SPRINGS ACADEMY,9,-1,0,11,20,38,19,0,0,88,122,122,17,Independent,Converted Building,Y,5 Star C 2C
92001825,HOLLY SPRINGS LEARNING CENTER,3,-1,10,8,23,20,18,14,0,93,199,199,20,Independent,Constructed for Child Care,Y,5 Star C 2C
92001426,HOLLY SPRINGS SCHOOL FOR EARLY EDUCATION,2,-1,12,12,18,25,16,18,0,101,110,110,16,Independent,Constructed for Child Care,Y,4 Star C 2C
92002802,HOLY TRINITY PRESCHOOL,9,-1,0,0,5,1,1,0,0,7,41,41,2,Religious Sponsored,  Religious,N,Other
92003271,HOPE LUTHERAN PRESCHOOL,9,-1,0,0,21,50,74,15,0,160,165,165,31,Religious Sponsored,Community Building,N,Other
9255299,HUCKLEBERRY'S FRIENDS PRESCHOOL AND CHILD,10,-1,9,12,7,16,16,2,1,63,122,122,25,Independent,Constructed for Child Care,Y,5 Star C 2C
92003302,HUGS R PRECIOUS CHILD ENRICHMENT CENTER,4,-1,0,1,5,5,4,2,26,43,90,90,8,Independent,Religious,Y,3 Star C 2C
92000894,IN THE BEGINNING...,9,-1,5,14,1,7,6,1,0,34,100,100,9,Independent,Constructed for Child Care,Y,3 Star C 2C
9255056,INFANT/TODDLER CENTER OF FIRST BAPTIST CHURCH,7,-1,9,11,13,3,0,0,0,36,49,49,10,Religious Sponsored Religious,Religious,Y,5 Star C 2C
9255296,INFANTS PALACE,8,-1,3,5,9,7,9,1,1,35,38,38,8,Independent,Converted House,Y,3 Star C 2C
92003198,"IQ KIDS ACADEMY, INC.",8,-1,8,5,2,8,9,0,21,53,99,99,12,Independent,Constructed for Child Care,Y,Prob Lic C
92002600,"IRREGULAR TIME CHILD CARE CENTER, LLC",9,-1,0,0,0,0,0,0,12,12,12,12,4,Independent,Family Residence,Y,5 Star C 2C
92003092,IRREGULAR TIME ENRICHMENT CENTER,1,-1,3,6,0,6,2,3,13,33,48,48,11,Independent,Industry/Business,Y,5 Star C 2C
92001441,IVY LEAGUE PRESCHOOL,7,-1,4,6,2,0,0,0,0,12,12,12,3,Independent,Family Residence,Y,5 Star C 2C
92003621,JEFFREYS GROVE ELEMENTARY,1,-1,0,0,0,0,13,3,0,16,18,18,3,Local Public School,School,N,4 Star C 2C
92001678,JOHNSON POND LEARNING CENTER,5,-1,5,16,29,36,33,23,120,262,210,210,34,Independent,Constructed for Child Care,Y,5 Star C 2C
92001262,JORDAN CHILD AND FAMILY ENRICHMENT CENTER,9,-1,15,17,24,34,67,11,0,168,186,193,33,Community Service Agency,Constructed for Child Care Care,Y,5 Star C 2C
92001117,JO'S DAYCARE,9,-1,2,6,2,5,3,0,4,22,30,30,4,Independent,Converted House,Y,4 Star C 2C
9255202,JUDY SHUMAN'S DAY CARE,10,-1,1,1,0,0,2,1,0,5,12,12,2,Independent,Family Residence,N,3 Star C 2C
92003486,KENTWOOD HEAD START CENTER,3,-1,0,0,0,3,10,4,0,17,20,20,2,Head Start,Converted Building,N,5 Star C 2C
92001991,KIDDIE ACADEMY OF BRIER CREEK,2,-1,13,30,34,23,41,8,0,149,189,189,30,Franchise,Constructed for Child,Y,4 Star C 2C
92003342,KIDDIE ACADEMY OF CARY,3,-1,12,18,21,20,10,0,0,81,175,175,20,Franchise,Constructed for Child Care,Y,5 Star C 2C
92003309,KIDDIE ACADEMY OF FUQUAY VARINA,6,-1,6,18,15,24,27,0,23,113,150,150,25,Franchise,Constructed for Child Care Care,Y,4 Star C 2C
92002195,KIDDIE ACADEMY OF HOLLY SPRINGS,4,-1,10,9,24,11,24,11,34,123,199,199,19,Franchise,Constructed for Child Care,Y,5 Star C 2C
92003264,KIDDIE ACADEMY OF MORRISVILLE,3,-1,14,18,28,30,26,2,0,118,166,166,27,Franchise,Constructed for Child,N,5 Star C 2C
92003267,KIDDIE ACADEMY OF WEST CARY,3,-1,15,19,32,41,38,21,0,166,170,170,25,Franchise,Constructed for Child,Y,5 Star C 2C
92003268,KIDDIE KARE ACADEMY,4,-1,1,8,2,14,12,0,0,37,60,60,7,Independent,Community Building,Y,3 Star C 2C
92002021,KIDDIE UNIVERSITY,3,-1,2,2,3,8,6,0,6,27,125,125,4,Independent,Constructed for Child,Y,4 Star C 2C
9255431,"KIDS EDUCATIONAL CENTER #2, INC.",4,-1,3,13,15,14,8,0,30,83,110,110,11,Independent,,Y,3 Star C 2C
92000840,"KIDS EDUCATIONAL CENTER III, INC.",9,-1,6,11,15,21,7,13,30,103,146,146,15,Independent,Constructed for Child Care,Y,3 Star C 2C
92001789,KIDS EDUCATIONAL CENTER IV,12,-1,1,11,16,17,17,2,41,105,134,134,21,Independent,Constructed for Child Care,Y,4 Star C 2C
92002335,"KID'S EDUCATIONAL CENTER VI, INC.",9,-1,10,12,12,19,24,7,43,127,138,138,22,Independent,Constructed for Child Care,Y,3 Star C 2C
9255308,"KIDS EDUCATIONAL CENTER, INC.",9,-1,7,13,13,19,13,3,31,99,138,138,13,Independent,Converted Building,Y,4 Star C 2C
92002736,KIDS FIRST ACADEMY,11,-1,1,8,16,6,27,9,0,67,130,130,12,Independent,Constructed for Child Care Care,Y,5 Star C 2C
92002143,KIDS R KIDS OF MORRISVILLE,5,-1,8,25,48,27,64,51,9,232,255,255,32,Franchise,Constructed for Child Care,Y,5 Star C 2C
92001095,KIDS R KIDS QUALITY LEARNING CENTER,6,-1,9,21,40,49,57,23,55,254,266,266,36,Franchise,Constructed for Child Care,Y,5 Star C 2C
92002205,KIDS R KIDS WEST CARY,10,-1,7,19,21,41,34,10,34,166,240,240,20,Franchise,Constructed for Child Care,Y,5 Star C 2C
92002900,KIDTOVVNE AT HOPE COMMUNITY CHURCH,6,-1,22,27,18,19,10,5,0,101,118,118,19,Religious Sponsored,Religious,N,Other
92003442,KIDTOWNE AT HOPE COMMUNITY CHURCH -APEX,7,-1,15,16,41,23,39,4,0,138,156,156,40,Religious Sponsored,Religious,N,Other
92003176,KIDZ KONNECTION INC.,12,-1,2,4,5,7,6,0,16,40,60,60,10,Independent,Converted House,Y,3 Star C 2C
92002787,KINDERCARE LEARNING CENTER,10,-1,14,23,29,23,31,3,25,148,242,242,33,Franchise,Constructed for Child Care Care,Y,5 Star C 2C
92002788,KINDERCARE LEARNING CENTER,10,-1,12,19,35,28,6,0,0,100,195,195,16,Franchise,Constructed for Child Care,Y,5 Star C 2C
92002790,KINDERCARE LEARNING CENTER,7,-1,5,7,6,38,11,0,0,67,163,163,17,Franchise,Constructed for Child Care,Y,5 Star C 2C
92002837,KINDERCARE LEARNING CENTER,10,-1,8,16,24,21,15,12,11,107,171,171,13,Franchise,Constructed for Child Care,Y,5 Star C 2C
92002931,KINDERCARE LEARNING CENTER,10,-1,12,34,34,34,28,13,0,155,178,178,26,Independent,Constructed for Child Care,Y,5 Star C 2C
92002994,KINDERCARE LEARNING CENTER,10,-1,16,28,23,32,34,10,0,143,202,202,21,Independent,Constructed for Child Care,Y,5 Star C 2C
92003041,KINDERCARE LEARNING CENTER,10,-1,13,20,33,27,28,19,7,147,199,199,28,Franchise,Constructed for Child Care Care,Y,5 Star C 2C
92003365,KINDERCARE LEARNING CENTER,6,-1,15,17,17,29,27,11,0,116,150,150,17,Independent,Constructed for Child Care,N,5 Star C 2C
92003402,KINDERCARE LEARNING CENTER,10,-1,10,12,17,12,13,5,12,81,219,219,15,Independent,Constructed for Child Care,Y,4 Star C 2C
92003479,KINDERCARE LEARNING CENTER,10,-1,8,21,21,15,18,12,11,106,154,154,26,Independent,Constructed for Child Care,N,5 Star C 2C
92003517,KINDERCARE LEARNING CENTER,11,-1,3,27,29,25,20,4,0,108,127,127,17,Independent,Constructed for Child Care,Y,4 Star C 2C
92003518,KINDERCARE LEARNING CENTER,10,-1,5,14,24,21,23,3,0,90,199,199,16,Independent,Constructed for Child Care,Y,4 Star C 2C
92003519,KINDERCARE LEARNING CENTER,10,-1,6,7,10,13,10,8,13,67,199,199,17,Independent,Constructed for Child Care,Y,4 Star C 2C
92003520,KINDERCARE LEARNING CENTER,4,-1,12,12,8,10,11,2,26,81,168,168,18,Independent,Constructed for Child Care,Y,4 Star C 2C
92003608,KINDERCARE LEARNING CENTER,8,-1,8,13,16,15,18,16,26,112,166,166,33,Franchise,Constructed for Child Care,Y,5 Star C 2C
92003647,KINDERCARE LEARNING CENTER WENDELL FALLS,10,-1,14,18,7,14,7,2,1,63,145,145,12,Independent,Constructed for Child Care,N,Temp C
92001322,KINDERCARE LEARNING CENTERS LLC,6,-1,12,11,22,33,16,2,14,110,196,196,9,Independent,Constructed for Child Care,Y,5 Star C 2C
9255126,KINDERCARE LEARNING CENTERS LLC,9,-1,5,10,14,14,8,5,18,74,99,99,10,Franchise,Constructed for Child Care,Y,5 Star C 2C
9255139,KINDERCARE LEARNING CENTERS LLC,9,-1,7,12,12,15,15,4,23,88,97,94,15,Franchise,Constructed for Child Care,Y,3 Star C 2C
9255230,KINDERCARE LEARNING CENTERS LLC,7,-1,10,25,20,20,29,0,38,142,144,144,22,Franchise,Constructed for Child Care,Y,5 Star C 2C
9255231,KINDERCARE LEARNING CENTERS LLC,1,-1,10,18,16,16,15,1,24,100,127,127,12,Franchise,Constructed for Child Care,Y,5 Star C 2C
9255374,KINDERCARE LEARNING CENTERS LLC,1,-1,8,21,20,15,16,2,35,117,120,120,15,Franchise,Constructed for Child Care,Y,4 Star C 2C
9255398,KINDERCARE LEARNING CENTERS LLC,9,-1,13,17,17,17,18,4,0,86,135,135,15,Franchise,Constructed for Child Care,Y,4 Star C 2C
9255427,KINDERCARE LEARNING CENTERS LLC,12,-1,11,10,19,16,21,10,0,87,127,127,17,Franchise,,Y,5 Star C 2C
92003161,KING'S KIDS EARLY EDUCATION AND LEARNING CENTER IN,10,-1,0,1,3,5,7,5,7,28,45,29,7,Independent,Religious,Y,5 Star C 2C
92002914,KING'S TOWN CHILD DEVELOPMENT CENTER,7,-1,10,21,35,38,54,0,0,158,147,147,26,Religious Sponsored,Religious,N,Other
92003628,KNIGHTDALE ELEMENTARY,1,-1,0,0,0,0,10,7,0,17,18,18,4,Local Public School,School,N,1 Star C 2C
92001437,KNIGHTDALE HEAD START,5,-1,0,7,26,32,78,42,0,185,199,199,42,Head Start,Constructed for Child Care,Y,5 Star C 2C
92003512,KNIGHTDALE STATION PRESCHOOL,7,-1,19,28,36,40,47,4,0,174,199,199,27,Independent,Constructed for Child Care,N,3 Star C 2C
3 Star C 2C,KNOWLEDGE,,-2,0,0,0,0,0,0,0,0,183,183,,,Care,,
92001283,KNOWLEDGE BEGINNINGS,6,-1,10,22,27,30,29,7,10,135,190,176,18,Franchise,Constructed for Child Care,Y,5 Star C 2C
92003232,KREEPERS-N-KRAWLERS,3,-1,7,5,9,13,12,3,7,56,138,138,6,Independent,Constructed for Child,Y,5 Star C 2C
92003294,LA PETITE ACADEMY,7,-1,8,19,16,15,12,4,0,74,154,154,15,Franchise,Constructed for Child Care Care,Y,5 Star C 2C
9255194,LA PETITE ACADEMY,8,-1,4,16,24,10,23,0,0,77,152,152,14,Franchise,Converted Building,Y,5 Star C 2C
9255228,LA PETITE ACADEMY,2,-1,12,11,6,17,2,0,0,48,121,121,10,Franchise,Constructed for Child Care,Y,5 Star C 2C
9255258,LA PETITE ACADEMY,3,-1,6,12,9,11,15,7,0,60,120,120,15,Franchise,Constructed for Child Care,Y,5 Star C 2C
9255275,LA PETITE ACADEMY,6,-1,13,17,20,13,17,2,0,82,150,150,14,Independent,Constructed for Child Care,Y,5 Star C 2C
9255305,LA PETITE ACADEMY,7,-1,6,10,15,12,33,0,0,76,110,67,15,Franchise,Constructed for Child Care,Y,5 Star C 2C
9255393,LA PETITE ACADEMY,2,-1,9,14,15,21,24,13,20,116,150,150,18,Franchise,Constructed for Child Care,Y,5 Star C 2C
92003587,LAKE MYRA ELEMENTARY,6,-1,0,0,0,0,8,10,0,18,18,18,3,Local Public School,School,N,5 Star C 2C
92002247,LAPETITE ACADEMY,11,-1,11,15,19,16,26,6,0,93,111,111,16,Franchise,Constructed for Child Care,Y,5 Star C 2C
92002255,LAPETITE ACADEMY BEFORE & AFTER SCHOOL CARE,10,-1,0,0,0,0,0,0,35,35,50,50,4,Franchise,Converted Building,Y,5 Star C 2C
92002961,LEARNING AS WE GO CHILD CARE CENTER,2,-1,0,2,4,5,3,1,4,19,30,30,4,Independent,Converted Building,Y,3 Star C 2C
9255332,"LEARNING TOGETHER, INC.",10,-1,0,3,12,17,28,11,0,71,100,100,16,Contracted Provider,,Y,5 Star C 2C
92003398,LEARNING WORLD CHILDCARE & PRESCHOOL,12,-1,1,8,7,9,11,0,0,36,64,64,9,Independent,Converted Building,Y,3 Star C 2C
92000714,LECOUNTS NURSERY AND DAY CARE,1,-1,3,6,4,7,3,1,0,24,28,28,5,Independent,Converted House,Y,4 Star C 2C
92003599,LINCOLN HEIGHTS ELEMENTARY,7,-1,0,0,0,0,9,6,0,15,18,18,3,Local Public School,School,N,4 Star C 2C
92002937,LITTLE ANGELS PREPARATORY SCHOOL,1,-1,5,5,7,5,7,5,18,52,49,49,8,Independent,Constructed for Child Care,Y,4 Star C 2C
92003413,LITTLE BELIEVER'S ACADAMY II INC.,6,-1,2,3,8,2,13,3,0,31,35,35,9,Independent,Religious,Y,5 Star C 2C
92003177,LITTLE DESTINY LITERACY,11,-1,0,0,1,3,28,2,0,34,37,37,10,Independent,Converted Building,Y,5 Star C 2C
92002288,LITTLE HANDS N FEET CHILD CARE CENTER,7,-1,0,5,9,2,12,1,0,29,37,37,10,Independent,Converted Building,Y,5 Star C 2C
92002286,LITTLE LEAF DISCOVERY SCHOOL,2,-1,0,0,0,7,6,2,0,15,36,36,2,Independent,Converted House,Y,3 Star C 2C
92002540,LITTLE LEARNERS' MAGIC MOMENTS PRESCHOOL,2,-1,0,0,0,5,3,4,0,12,12,12,1,Independent,Family Residence,Y,4 Star C 2C
92003467,LITTLE MAKERS ACADEMY,9,-1,8,13,13,16,13,1,3,67,100,100,11,Independent,Converted Building,Y,3 Star C 2C
92003394,LITTLE PEOPLE PRESCHOOL L.L.C.,8,-1,0,0,2,10,8,2,2,24,38,38,5,Independent,Converted House,Y,4 Star C 2C
92003658,LITTLE PEOPLE PRESCHOOL LLC INFANTS & TODDLERS,10,-1,3,8,0,0,0,0,0,11,25,25,4,Independent,Converted House,N,Temp C
92003387,LITTLE TREASURES LEARNING CENTER,10,-1,2,7,9,5,6,2,0,31,29,29,5,Independent,Converted House,Y,4 Star C 2C
92001778,LOTS OF LOVE AND LEARNING FAMILY CHILD CARE,0,-1,0,0,3,5,2,2,0,12,12,12,3,Independent,Family Residence,Y,5 Star C 2C
92000206,LUCY DANIELS CENTER FOR EARLY CHILDHOOD,7,-1,0,0,0,0,2,1,0,3,12,12,5,Community Service Agency,Constructed for Child Care,N,5 Star C 2C
92003102,LYNN ROAD CHILDCARE ACADEMY,7,-1,7,15,9,15,11,0,16,73,92,92,15,Independent,Converted Building,Y,3 Star C 2C
92002071,LYNN ROAD ELEMENTARY PRE-K PROGRAM,3,-1,0,0,0,0,16,2,0,18,30,30,3,Local Public School,School,,5 Star C 2C
92003219,MARACAS MONTESSORI,1,-1,0,11,15,26,25,19,2,98,100,100,18,Independent,Constructed for Child,N,1 Star C 2C
92000990,"MARIAH'S CHRISTIAN PRESCHOOL CENTER, INC.",1,-1,3,2,7,3,3,2,0,20,45,45,3,Independent,Converted Building,Y,4 Star C 2C
92001803,MATTHEW CHAPEL DAY CARE #2,4,-1,2,1,3,3,1,0,0,10,12,12,0,Independent,Family Residence,Y,3 Star C 2C
92001860,METHOD CHILD DEVELOPMENT CENTER,12,-1,3,0,18,14,23,5,0,63,99,99,9,Independent,Constructed for Child,Y,5 Star C 2C
92003025,MILLBROOK ELEMENTARY,7,-1,0,0,0,3,13,0,0,16,33,33,3,Local Public School,School,N,4 Star C 2C
92003416,MONTESSORI CREATIVE LEARNING SCHOOL,8,-1,0,3,10,18,15,1,0,47,62,62,6,Independent,Constructed for Child Care,Y,3 Star C 2C
92001000,MORNING STAR CHILD CARE LEARNING CENTER,8,-1,0,0,0,3,7,3,0,13,49,49,2,Religious Sponsored,Religious,Y,Other
92001583,MORRISVILLE SQUARE CREATIVE SCHOOL,2,-1,6,13,11,18,15,5,0,68,135,135,16,Independent,Constructed for Child Care,Y,5 Star C 2C
92002498,MS. VAN'S CHILDCARE CENTER,6,-1,1,4,4,3,5,0,8,25,45,45,7,Independent,Converted House,Y,5 Star C 2C
9255441,NORTH HAVEN CHILD DEVELOPMENT CENTER,4,-1,17,17,21,21,13,1,0,90,108,108,20,Religious Sponsored ,Converted House,Y,Other
92003488,OAK VILLAGE ACADEMY,9,-1,12,28,28,47,45,15,0,175,187,187,27,Independent,Constructed for Child Care,N,5 Star C 2C
92001927,OLDS ELEMENTARY BEFORE AND AFTER SCHOOL PROGRAM,5,-1,0,0,0,0,0,0,164,164,199,199,7,Local Public School,School,Y,4 Star C 2C
92003491,ORIGINS MONTESSORI SCHOOL,3,-1,0,0,3,6,9,0,0,18,29,29,4,Independent,Converted Building,N,1 Star C 2C
92003540,PAM'S LOVING HANDS CHILD DEVELOPMENT CENTER,12,-1,2,6,6,9,0,0,0,23,27,27,6,Independent,Converted House,,3 Star C 2C
92002797,PAM'S SCHOOL OF RALEIGH,8,-1,2,4,13,7,7,0,15,48,99,99,15,Independent,Constructed for Child Care,Y,5 Star C 2C
92003133,PARAMOUNT MONTESSORI,4,-1,0,0,0,6,12,12,0,30,30,30,6,Independent,Constructed for Child Care,N,1 Star C 2C
92001703,PARKWAY HEAD START,8,-1,0,0,16,42,58,3,0,119,148,148,26,Head Start,Constructed for Child Care,Y,5 Star C 2C
92003169,PEACE MONTESSORI SCHOOL,8,-1,0,0,2,18,8,0,0,28,45,45,6,Independent,Converted Building,N,1 Star C 2C
92003576,PRECIOUS LAMBS EARLY LEARNING CENTER,4,-1,6,12,10,21,18,8,0,75,79,79,20,Religious Sponsored,Constructed for Child Care,Y,5 Star C 2C
92003483,PRECIOUS PROMISES ACADEMY,1,-1,2,1,2,4,8,0,11,28,30,30,6,Independent,Religious,Y,5 Star C 2C
92002051,PRESTON CHILDREN'S ACADEMY,11,-1,13,20,26,24,42,7,0,132,162,162,22,Independent,Constructed for Child Care,Y,5 Star C 2C
1 Star C 2C,PRGRM,,-2,0,0,0,0,0,0,0,0,0,0,,hool,,,
92000961,"PRICELESS CHILD CARE, INC.",5,-1,2,1,2,3,1,2,0,11,12,0,0,Independent,Family Residence,Y,5 Star C 2C
92001346,PRIMARY BEGINNINGS CHILD DEVELOPMENT CENTER,9,-1,7,17,15,24,36,1,0,100,136,136,19,Independent,Constructed for Child Care,Y,5 Star C 2C
92001035,"PRIMARY BEGINNINGS CHILD DEVELOPMENT CENTER, LLC",11,-1,7,17,13,21,52,18,25,153,150,150,18,Franchise,Constructed for Child Care,Y,5 Star C 2C
92003449,PRIMROSE SCHOOL AT BRIER CREEK,2,-1,5,19,23,34,30,23,15,149,199,199,31,Franchise,Constructed for Child Care,N,4 Star C 2C
92002866,PRIMROSE SCHOOL AT HOLLY GROVE,4,-1,7,21,32,38,46,41,24,209,199,199,38,Franchise,Constructed for Child Care,N,4 Star C 2C
92001480,PRIMROSE SCHOOL AT THE PARK,6,-1,10,19,37,35,38,5,0,144,176,176,24,Franchise,Constructed for Child Care,N,5 Star C 2C
92003528,PRIMROSE SCHOOL AT WEST LAKE,3,-1,8,21,25,35,72,12,0,173,186,186,27,Franchise,Constructed for Child Care Care,N,5 Star C 2C
92003332,PRIMROSE SCHOOL OF APEX,8,-1,10,44,10,47,37,2,24,174,185,185,29,Franchise,Constructed for Child Care Care,Y,5 Star C 2C
92001832,PRIMROSE SCHOOL OF CARY,9,-1,6,13,25,12,12,13,0,81,159,159,20,Franchise,Constructed for Child Care,Y,5 Star C 2C
92002096,PRIMROSE SCHOOL OF HERITAGE WAKE FOREST,7,-1,10,15,28,43,56,22,27,201,185,185,26,Franchise,Constructed for Child Care,Y,5 Star C 2C
92001128,PRIMROSE SCHOOL OF HILBURN,6,-1,9,23,23,34,30,9,0,128,180,180,22,Franchise,Constructed for Child Care,Y,4 Star C 2C
92001782,PRIMROSE SCHOOL OF NORTH RALEIGH,3,-1,9,24,20,39,33,0,0,125,175,175,23,Franchise,Constructed for Child Care,Y,1 Star C 2C
92003568,PRIMROSE SCHOOL OF WEST CARY,4,-1,7,17,24,48,35,23,0,154,180,180,23,Franchise,Constructed for Child Care Care,Y,4 Star C 2C
92001751,PROJECT ENLIGHTENMENT,4,-1,0,0,0,0,19,8,0,27,40,40,5,Local Public School,School,Y,5 Star C 2C
92001763,"RALEIGH NURSERY SCHOOL, INC.",9,-1,4,7,14,8,0,10,14,57,90,90,18,Independent,Constructed for Child Care,Y,5 Star C 2C
92001929,RAND ROAD ELEMENTARY BEFORE AND AFTER SCHOOL,8,-1,0,0,0,0,0,0,65,65,118,118,11,Local Public School,School,Y,1 Star C 2C
92002026,"READY OR NOT, HERE I GROW DAY SCHOOL",7,-1,9,14,11,14,20,4,44,116,142,142,25,Independent,Constructed for Child,Y,5 Star C 2C
92002387,REGINA'S PRESCHOOL & KIDZ ACADEMY INC. #2,10,-1,0,1,0,2,4,1,2,10,12,12,3,Independent,Family Residence,Y,4 Star C 2C
92002963,RENAISSANCE MONTESSORI SCHOOL OF CARY,11,-1,0,5,23,21,21,15,0,85,105,105,12,Independent,Constructed for Child Care,N,1 Star C 2C
92000861,REX HEALTHCARE CHILD DEVELOPMENT CENTER,8,-1,19,25,36,23,32,3,0,138,152,152,32,Independent,Constructed for Child Care,Y,5 Star C 2C
92000910,"RHYMES & REASONS, INC.",9,-1,12,15,17,12,20,6,0,82,109,109,19,Independent,Constructed for Child Care,Y,3 Star C 2C
92002339,RISING STARS JRVERSITY CHILD DEVELOPMENT CENTER,9,-1,0,4,1,7,7,4,25,48,74,74,11,Religious Sponsored,Converted Building,Y,4 Star C 2C
92003649,ROGERS LANE ELEMENTARY,2,-1,0,0,0,0,19,13,0,32,36,36,6,Local Public School  School,,N,Temp C
92003605,ROLESVILLE CREEK LEARNING CENTER,8,-1,9,6,19,15,7,3,0,59,159,159,11,Independent,Constructed for Child Care,N,3 Star C 2C
92003597,ROOT ELEMENTARY,7,-1,0,0,0,0,16,9,0,25,36,36,6,Local Public School,School,N,4 Star C 2C
92003625,SAFE HAVEN PRESCHOOL AND CHILDCARE CENTER,9,-1,0,0,0,5,4,0,0,9,24,24,1,Independent,Modular,Y,5 Star C 2C
92001867,SANDI'S TINY BLESSINGS,10,-1,0,4,2,2,0,0,0,8,8,8,2,Independent,Family Residence,Y,4 Star C 2C
92003548,SANFORD CREEK ELEMENTARY,2,-1,0,0,0,0,14,4,0,18,18,0,0,Local Public School,School,,4 Star C 2C
9255260,SAS INSTITUTE MONTESSORI PRESCHOOL,8,-1,0,0,0,44,53,23,0,120,149,149,30,Employer/Employee Sponsored,Constructed for Child Care,,1 Star C 2C
9255403,SAS INSTITUTE MONTESSORI SCHOOL,2,-1,33,59,63,4,0,0,0,159,250,250,81,Employer/Employee Sponsored,  Constructed for Child Care,,1 Star C 2C
92002489,SHAW UNIV. CENTER FOR EARLY CHILDHOOD EDUCATION,4,-1,0,0,3,6,29,26,0,64,100,100,15,College/University,Constructed for Child Care Care,Y,5 Star C 2C
92001102,SISTERS' CHILD CARE SERVICES,12,-1,1,3,1,2,3,2,0,12,12,12,5,Independent,Family Residence,Y,3 Star C 2C
92003466,"SOUNDS AND COLORS AT CARPENTER VILLAGE, LLC",12,-1,4,10,12,12,15,8,2,63,144,144,5,Independent,Constructed for Child Care,Y,5 Star C 2C
92003274,SOUNDS AND COLORS AT CARY,4,-1,4,7,13,15,13,12,0,64,106,106,16,Independent,Constructed for Child Care Care,Y,5 Star C 2C
92002331,SOUTH WAKE PRESCHOOL & ACADEMY,4,-1,2,8,4,7,8,0,14,43,65,65,7,Independent,Modular,Y,3 Star C 2C
92003106,SOUTHEAST RALEIGH DAY CARE,2,-1,0,0,4,2,3,0,14,23,21,21,4,Independent,Converted Building,Y,3 Star C 2C
92003650,SOUTHEAST RALEIGH ELEMENTARY,2,-1,0,0,0,0,29,6,0,35,36,36,3,Local Public School  School,,N,Temp C
92003652,SOUTHEAST RALEIGH ELEMENTARY HEAD START,2,-1,0,0,0,0,25,9,0,34,36,36,7,Head Start,School,N,Temp C
92002210,SPANISH FOR FUN !,11,-1,9,12,12,33,20,0,0,86,88,88,18,Independent,Constructed for Child Care,Y,5 Star C 2C
92003008,SPANISH FOR FUN! INFANT AND TODDLER CENTER,11,-1,13,9,0,0,0,0,0,22,30,30,11,Independent,Converted Building,Y,5 Star C 2C
92003247,SPANISH FOR FUN! WAKE FOREST,12,-1,5,4,6,19,8,0,0,42,100,100,13,Independent,Constructed for Child,Y,5 Star C 2C
92003644,ST MARY'S PRESCHOOL,10,-1,0,2,1,1,1,0,0,5,26,26,3,Religious Sponsored Religious,,N,Other
92003366,STEPS & STAGES CHILDREN'S CENTER,7,-1,2,2,0,6,5,2,8,25,26,26,4,Independent,Converted Building,Y,3 Star C 2C
92000707,STERLING MONTESSORI ACADEMY,3,-1,0,0,0,25,67,64,45,201,233,233,19,Independent,School,N,1 Star C 2C
92002228,SUNNY CHRISTIAN CHILD CARE,5,-1,1,2,4,3,0,0,4,14,12,12,4,Independent,Family Residence,Y,5 Star C 2C
9255396,TAMMY LYNN CENTER,6,-1,0,0,0,0,15,12,13,40,70,70,10,Community Service Agency,,Y,5 Star C 2C
92000584,TAYLOR'S DAY CARE HOME,5,-1,0,2,4,1,2,0,1,10,12,12,3,Independent,Family Residence,Y,5 Star C 2C
9255210,TEMPLE BAPTIST SCHOOL & DAY CARE,1,-1,19,17,17,18,11,4,0,86,98,95,16,Religious Sponsored,,Y,Other
9255206,TEMPLE BETH OR PRESCHOOL,3,-1,0,3,13,22,10,1,0,49,99,99,11,Religious Sponsored,,Y,5 Star C 2C
92001264,THE CARY SCHOOL FOR DEVELOPMENT & EARLY,6,-1,9,21,38,2,13,2,0,85,100,100,15,Independent,Constructed for Child Care Care,Y,5 Star C 2C
92001249,THE CHILDREN'S PLACE,11,-1,8,11,10,15,12,6,0,62,181,181,14,Religious Sponsored,Religious,,Other
92003368,THE CLUBHOUSE,6,-1,0,0,0,0,0,0,38,38,75,75,3,Franchise,Converted Building,Y,5 Star C 2C
92002754,THE DANIEL CENTER FOR MATH AND SCIENCE,6,-1,0,0,0,1,2,0,37,40,61,32,6,Independent,Religious,Y,5 Star C 2C
92002420,THE GODDARD SCHOOL,9,-1,5,17,35,14,23,6,0,100,136,136,15,Franchise,Constructed for Child Care Care,Y,5 Star C 2C
92002796,THE GODDARD SCHOOL,11,-1,8,18,31,37,23,10,0,127,146,146,19,Franchise,Constructed for Child Care,N,5 Star C 2C
92003406,THE GODDARD SCHOOL,12,-1,11,19,30,21,17,4,0,102,165,165,25,Franchise,Constructed for Child Care,Y,5 Star C 2C
92002549,THE GODDARD SCHOOL / FUQUAY-VARINA,10,-1,13,13,28,29,18,4,15,120,144,144,27,Franchise,Constructed for Child Care Care,Y,5 Star C 2C
92003683,THE GODDARD SCHOOL APEX GREEN LEVEL WEST,1,-1,4,2,3,11,2,1,0,23,153,153,14,Franchise,Constructed for Child Care,N,Temp C
92003582,THE GODDARD SCHOOL IN BRIER CREEK,5,-1,13,19,32,19,19,8,0,110,194,194,27,Franchise,Constructed for Child Care Care,Y,4 Star C 2C
92002434,THE GODDARD SCHOOL IN HOLLY SPRINGS,10,-1,8,19,30,39,28,18,0,142,147,136,0,Franchise,Constructed for Child Care Care,Y,4 Star C 2C
92003205,THE GODDARD SCHOOL OF APEX,1,-1,8,20,23,37,32,8,0,128,138,138,26,Franchise,Constructed for Child Care,Y,5 Star C 2C
92003602,THE GODDARD SCHOOL OF CARY LOCHMERE,10,-1,5,7,17,8,8,1,0,46,140,140,0,Franchise,Constructed for Child Care,N,1 Star C 2C
92002251,"THE GODDARD SCHOOL- WAKE FOREST, INC.",12,-1,8,19,26,17,26,12,0,108,142,142,16,Franchise,Constructed for Child Care,Y,5 Star C 2C
92003508,THE GODDARD SCHOOL-RALEIGH RIDGE RD,7,-1,14,20,40,44,26,6,0,150,160,160,16,Franchise,Constructed for Child Care,N,4 Star C 2C
92002726,THE GROVE SCHOOL OF CARY,2,-1,7,17,18,26,31,6,0,105,155,155,25,Franchise,Constructed for Child Care Care,Y,5 Star C 2C
92002948,THE GROWING PLACE,10,-1,0,0,0,14,19,15,0,48,60,60,21,Religious Sponsored,  Religious,N,Other
92003593,THE GROWING YEARS LEARNING CENTER - APEX,1,-1,6,16,23,18,22,0,16,101,130,130,20,Independent,Constructed for Child Care,Y,5 Star C 2C
92003595,THE GROWING YEARS LEARNING CENTER - CARY,9,-1,4,18,20,25,17,0,0,84,160,160,14,Independent,Constructed for Child Care,Y,5 Star C 2C
92000221,THE HAPPY FACE PRESCHOOL,6,-1,0,0,4,8,16,20,0,48,82,82,8,Independent,Constructed for Child Care,Y,5 Star C 2C
92002739,THE KIDZ KOLLEGE,4,-1,6,21,8,10,6,0,0,51,89,89,16,Religious Sponsored Religious,,Y,Other
92003505,THE LEARNING EXPERENCE,4,-1,10,13,12,24,30,7,0,96,163,163,19,Franchise,Constructed for Child Care,Y,4 Star C 2C
92003287,THE LEARNING EXPERIENCE,8,-1,13,29,29,26,15,5,0,117,158,158,16,Franchise,Constructed for Child Care Care,Y,5 Star C 2C
92003504,THE LEARNING EXPERIENCE,5,-1,8,15,17,21,29,10,0,100,178,178,17,Franchise,Constructed for Child Care,Y,5 Star C 2C
92002502,THE LEARNING EXPERIENCE @ CARY,4,-1,6,18,22,23,27,12,41,149,176,176,15,Franchise,Constructed for Child Care Care,Y,5 Star C 2C
92003659,THE LEARNING EXPERIENCE FUQUAY VARINA,8,-1,9,6,13,4,4,0,0,36,160,160,9,Franchise,Constructed for Child Care,N,Temp C
92003685,THE LEARNING EXPERIENCE RALEIGH NE,1,-1,0,0,0,0,0,0,0,0,166,0,0,Franchise,Constructed for Child Care,N,Temp C
92003417,THE LEARNING EXPERIENCE WAKE FOREST,6,-1,7,18,28,21,22,5,14,115,172,172,21,Franchise,Constructed for Child Care,Y,5 Star C 2C
92003603,THE LEARNING RAINBOW CHILD DEVELOPMENT CENTER,7,-1,1,6,3,2,1,1,0,14,45,45,5,Independent,Converted House,N,3 Star C 2C
92003190,THE LOVING LOFT CHILD DEVELOPMENT CENTER LLC,7,-1,0,4,10,3,3,0,1,21,25,25,3,Independent,Converted House,Y,3 Star C 2C
92001015,THE NEW SCHOOL #2,5,-1,1,9,9,1,0,0,0,20,175,175,23,Independent,Constructed for Child Care,Y,3 Star C 2C
92003113,TINY TREASURE KIDS INC.,7,-1,2,6,10,8,9,2,2,39,130,130,7,Independent,Constructed for Child Care Care,Y,3 Star C 2C
92003507,TOTALLY KIDS CHILDCARE CENTER,6,-1,2,5,2,5,5,0,0,19,45,45,4,Independent,Converted Building,Y,4 Star C 2C
92002701,TOUCHED BY AN ANGEL,10,-1,0,1,1,1,1,0,8,12,12,12,2,Independent,Family Residence,Y,5 Star C 2C
92003384,TOUCHED BY AN ANGEL OPEN ARMS CHILD CARE CENTER,9,-1,3,2,9,10,7,3,28,62,115,115,8,Independent,Constructed for Child Care,Y,3 Star C 2C
92003532,TOUCHED BY LORRAINE'S LOVING HANDS,10,-1,1,8,1,4,4,1,0,19,41,41,5,Independent,Converted Building,,3 Star C 2C
92001042,TRIANGLE ACADEMY PRESCHOOL,5,-1,0,0,11,30,51,21,0,113,180,199,18,Independent,Constructed for Child Care,Y,5 Star C 2C
92003634,TRIANGLE CHILDREN'S ACADEMY,11,-1,1,3,5,6,33,13,3,64,100,100,13,Independent,Constructed for Child Care,Y,4 Star C 2C
92002007,TRIANGLE LEARNING CENTER,12,-1,5,5,31,33,29,4,0,107,150,150,29,Religious Sponsored,Religious,N,Other
92003562,TRIANGLE MONTESSORI ACADEMY,3,-1,0,5,14,20,27,6,2,74,99,99,12,Independent,Converted Building,,1 Star C 2C
92002906,TRINITY BAPTIST WEEKDAY PRESCHOOL,10,-1,8,9,29,21,12,9,0,88,131,131,27,Religious Sponsored,Religious,N,Other
92002791,UNIQUE CREATIONS CHILD CARE CENTER,3,-1,6,5,6,7,1,1,1,27,30,30,5,Independent,Converted House,Y,4 Star C 2C
92001374,UPPER ROOM CHRISTIAN ACADEMY,2,-1,0,11,19,40,60,3,0,133,154,154,17,Religious Sponsored,Religious,Y,5 Star C 2C
92003619,VANCE ELEMENTARY,12,-1,0,0,0,0,8,5,0,13,18,18,3,Local Public School, School,N,4 Star C 2C
9252538,VITAL LINK IS CROSS LINK,10,-1,0,1,5,11,10,5,0,32,82,85,3,Independent,Constructed for Child Care,N,1 Star C 2C
92002450,"WAKE FOREST CHILD CARE CENTER, INC.",8,-1,7,10,10,17,8,0,25,77,148,148,13,Independent,Constructed for Child Care Care,Y,3 Star C 2C
92003622,WAKE FOREST ELEMENTARY,1,-1,0,0,0,0,20,9,0,29,36,36,6,Local Public School,School,N,4 Star C 2C
92002048,WAKE FOREST KIDS 'R' KIDS,7,-1,12,24,23,25,40,13,139,276,240,240,27,Franchise,Constructed for Child Care,Y,5 Star C 2C
92003108,WAKE FOREST MONTESSORI,3,-1,0,6,16,19,18,4,0,63,75,62,18,Independent,Converted Building,N,1 Star C 2C
92001956,WAKEFIELD CREATIVE SCHOOL,2,-1,15,20,22,29,59,17,30,192,198,198,29,Independent,Constructed for Child,Y,5 Star C 2C
92003648,WAKELON ELEMENTARY,1,-1,0,0,0,0,9,4,0,13,18,18,4,Local Public School  School,,N,Temp C
92003651,WALNUT CREEK ELEMENTARY,2,-1,0,0,0,0,19,13,0,32,36,36,6,Local Public School  School,,N,Temp C
92002728,WANDA'S LITTLE HANDS EDUCATIONAL CENTER #1,1,-1,0,7,16,0,31,3,0,57,98,98,12,Independent,Constructed for Child Care Care,Y,5 Star C 2C
92002729,WANDA'S LITTLE HANDS EDUCATIONAL CENTER #2,1,-1,0,0,0,7,5,0,0,12,51,51,2,Independent,Constructed for Child Care Care,Y,5 Star C 2C
9255200,WHITE PLAINS CHILDREN'S CENTER,10,-1,0,9,15,22,16,7,0,69,72,72,18,Independent,Religious,Y,5 Star C 2C
92002617,WIDEWATERS LEARNING CENTER,10,-1,9,20,21,10,10,1,0,71,187,187,14,Independent,Constructed for Child Care Care,Y,SProv C
92003526,WILBURN ELEMENTARY,9,-1,0,0,0,0,3,15,0,18,18,18,3,Local Public School, Government Building,,4 Star C 2C
92000196,WORD OF GOD CHRISTIAN DAY CARE,2,-1,14,10,18,18,11,8,8,87,204,204,14,Religious Sponsored,Religious,Y,Prob Lic GS110
92003543,WREN AND WILLOW MONTESSORI,1,-1,3,3,1,2,0,1,0,10,28,30,3,Independent,Converted Building,,4 Star C 2C
92003620,YATES MILL ELEMENTARY,12,-1,0,0,0,0,25,8,0,33,36,36,3,Local Public School,School,N,4 Star C 2C
,,,,,,,,,,,,,,,,,,
,,,,,,,,,,,,,,,,,,
,,,,,,,,,,,,,,,,,,
,,,,,,,,,,,,,,,,,,
,,,,,,,,,,,,,,,,,,
,,,,,,,,,,,,,,,,,,
,,,,,,,,,,,,,,,,,,
,,,,,,,,,,,,,,,,,,
,,,,,,,,,,,,,,,,,,
,,,,,,,,,,,,,,,,,,
,,,,,,,,,,,,,,,,,,
,,,,,,,,,,,,,,,,,,
,,,,,,,,,,,,,,,,,,
,,,,,,,,,,,,,,,,,,
,,,,,,,,,,,,,,,,,,
,,,,,,,,,,,,,,,,,,
,,,,,,,,,,,,,,,,,,
,,,,,,,,,,,,,,,,,,
,,,,,,,,,,,,,,,,,,
,,,,,,,,,,,,,,,,,,
,,,,,,,,,,,,,,,,,,
,,,,,,,,,,,,,,,,,,
,,,,,,,,,,,,,,,,,,
,,,,,,,,,,,,,,,,,,
,,,,,,,,,,,,,,,,,,
,,,,,,,,,,,,,,,,,,
,,,,,,,,,,,,,,,,,,
,,,,,,,,,,,,,,,,,,
,,,,,,,,,,,,,,,,,,
,,,,,,,,,,,,,,,,,,
,,,,,,,,,,,,,,,,,,
,,,,,,,,,,,,,,,,,,
,,,,,,,,,,,,,,,,,,
,,,,,,,,,,,,,,,,,,
,,,,,,,,,,,,,,,,,,
,,,,,,,,,,,,,,,,,,
,,,,,,,,,,,,,,,,,,
,,,,,,,,,,,,,,,,,,
,,,,,,,,,,,,,,,,,,
,,,,,,,,,,,,,,,,,,
,,,,,,,,,,,,,,,,,,
,,,,,,,,,,,,,,,,,,
,,,,,,,,,,,,,,,,,,
,,,,,,,,,,,,,,,,,,
,,,,,,,,,,,,,,,,,,
,,,,,,,,,,,,,,,,,,
,,,,,,,,,,,,,,,,,,
,,,,,,,,,,,,,,,,,,
,,,,,,,,,,,,,,,,,,
,,,,,,,,,,,,,,,,,,
,,,,,,,,,,,,,,,,,,
,,,,,,,,,,,,,,,,,,
,,,,,,,,,,,,,,,,,,
,,,,,,,,,,,,,,,,,,
,,,,,,,,,,,,,,,,,,
,,,,,,,,,,,,,,,,,,
,,,,,,,,,,,,,,,,,,
,,,,,,,,,,,,,,,,,,
,,,,,,,,,,,,,,,,,,
,,,,,,,,,,,,,,,,,,
,,,,,,,,,,,,,,,,,,
,,,,,,,,,,,,,,,,,,
,,,,,,,,,,,,,,,,,,
,,,,,,,,,,,,,,,,,,
,,,,,,,,,,,,,,,,,,
,,,,,,,,,,,,,,,,,,
,,,,,,,,,,,,,,,,,,
,,,,,,,,,,,,,,,,,,
,,,,,,,,,,,,,,,,,,
,,,,,,,,,,,,,,,,,,
,,,,,,,,,,,,,,,,,,
,,,,,,,,,,,,,,,,,,
,,,,,,,,,,,,,,,,,,
,,,,,,,,,,,,,,,,,,
,,,,,,,,,,,,,,,,,,
,,,,,,,,,,,,,,,,,,
,,,,,,,,,,,,,,,,,,
,,,,,,,,,,,,,,,,,,
,,,,,,,,,,,,,,,,,,
,,,,,,,,,,,,,,,,,,
,,,,,,,,,,,,,,,,,,
,,,,,,,,,,,,,,,,,,
,,,,,,,,,,,,,,,,,,
,,,,,,,,,,,,,,,,,,
,,,,,,,,,,,,,,,,,,
,,,,,,,,,,,,,,,,,,
,,,,,,,,,,,,,,,,,,
,,,,,,,,,,,,,,,,,,
,,,,,,,,,,,,,,,,,,
,,,,,,,,,,,,,,,,,,
,,,,,,,,,,,,,,,,,,
,,,,,,,,,,,,,,,,,,
,,,,,,,,,,,,,,,,,,
,,,,,,,,,,,,,,,,,,
,,,,,,,,,,,,,,,,,,
,,,,,,,,,,,,,,,,,,
,,,,,,,,,,,,,,,,,,
,,,,,,,,,,,,,,,,,,
,,,,,,,,,,,,,,,,,,
,,,,,,,,,,,,,,,,,,
,,,,,,,,,,,,,,,,,,
,,,,,,,,,,,,,,,,,,
,,,,,,,,,,,,,,,,,,
,,,,,,,,,,,,,,,,,,
,,,,,,,,,,,,,,,,,,
,,,,,,,,,,,,,,,,,,
,,,,,,,,,,,,,,,,,,
,,,,,,,,,,,,,,,,,,
,,,,,,,,,,,,,,,,,,
,,,,,,,,,,,,,,,,,,
,,,,,,,,,,,,,,,,,,
,,,,,,,,,,,,,,,,,,
,,,,,,,,,,,,,,,,,,
,,,,,,,,,,,,,,,,,,
,,,,,,,,,,,,,,,,,,
,,,,,,,,,,,,,,,,,,
,,,,,,,,,,,,,,,,,,
,,,,,,,,,,,,,,,,,,
,,,,,,,,,,,,,,,,,,
,,,,,,,,,,,,,,,,,,
,,,,,,,,,,,,,,,,,,
,,,,,,,,,,,,,,,,,,
,,,,,,,,,,,,,,,,,,
,,,,,,,,,,,,,,,,,,
,,,,,,,,,,,,,,,,,,
,,,,,,,,,,,,,,,,,,
,,,,,,,,,,,,,,,,,,
,,,,,,,,,,,,,,,,,,
,,,,,,,,,,,,,,,,,,
,,,,,,,,,,,,,,,,,,
,,,,,,,,,,,,,,,,,,
,,,,,,,,,,,,,,,,,,
,,,,,,,,,,,,,,,,,,
,,,,,,,,,,,,,,,,,,
,,,,,,,,,,,,,,,,,,
,,,,,,,,,,,,,,,,,,
,,,,,,,,,,,,,,,,,,
,,,,,,,,,,,,,,,,,,
,,,,,,,,,,,,,,,,,,
,,,,,,,,,,,,,,,,,,
,,,,,,,,,,,,,,,,,,
,,,,,,,,,,,,,,,,,,
,,,,,,,,,,,,,,,,,,
,,,,,,,,,,,,,,,,,,
,,,,,,,,,,,,,,,,,,
,,,,,,,,,,,,,,,,,,
,,,,,,,,,,,,,,,,,,
,,,,,,,,,,,,,,,,,,
,,,,,,,,,,,,,,,,,,
,,,,,,,,,,,,,,,,,,
,,,,,,,,,,,,,,,,,,
,,,,,,,,,,,,,,,,,,
,,,,,,,,,,,,,,,,,,
,,,,,,,,,,,,,,,,,,
,,,,,,,,,,,,,,,,,,
,,,,,,,,,,,,,,,,,,
,,,,,,,,,,,,,,,,,,
,,,,,,,,,,,,,,,,,,
,,,,,,,,,,,,,,,,,,
,,,,,,,,,,,,,,,,,,
,,,,,,,,,,,,,,,,,,
,,,,,,,,,,,,,,,,,,
,,,,,,,,,,,,,,,,,,
,,,,,,,,,,,,,,,,,,
,,,,,,,,,,,,,,,,,,
,,,,,,,,,,,,,,,,,,
,,,,,,,,,,,,,,,,,,
,,,,,,,,,,,,,,,,,,
,,,,,,,,,,,,,,,,,,
,,,,,,,,,,,,,,,,,,
,,,,,,,,,,,,,,,,,,
,,,,,,,,,,,,,,,,,,
,,,,,,,,,,,,,,,,,,
,,,,,,,,,,,,,,,,,,
,,,,,,,,,,,,,,,,,,
,,,,,,,,,,,,,,,,,,
,,,,,,,,,,,,,,,,,,
,,,,,,,,,,,,,,,,,,
,,,,,,,,,,,,,,,,,,
,,,,,,,,,,,,,,,,,,
,,,,,,,,,,,,,,,,,,
,,,,,,,,,,,,,,,,,,
,,,,,,,,,,,,,,,,,,
,,,,,,,,,,,,,,,,,,
,,,,,,,,,,,,,,,,,,
,,,,,,,,,,,,,,,,,,
,,,,,,,,,,,,,,,,,,
,,,,,,,,,,,,,,,,,,
,,,,,,,,,,,,,,,,,,
,,,,,,,,,,,,,,,,,,
,,,,,,,,,,,,,,,,,,
,,,,,,,,,,,,,,,,,,
,,,,,,,,,,,,,,,,,,
,,,,,,,,,,,,,,,,,,
,,,,,,,,,,,,,,,,,,
,,,,,,,,,,,,,,,,,,
,,,,,,,,,,,,,,,,,,
,,,,,,,,,,,,,,,,,,
,,,,,,,,,,,,,,,,,,
,,,,,,,,,,,,,,,,,,
,,,,,,,,,,,,,,,,,,
,,,,,,,,,,,,,,,,,,
,,,,,,,,,,,,,,,,,,
,,,,,,,,,,,,,,,,,,
,,,,,,,,,,,,,,,,,,
,,,,,,,,,,,,,,,,,,
,,,,,,,,,,,,,,,,,,
,,,,,,,,,,,,,,,,,,
,,,,,,,,,,,,,,,,,,
,,,,,,,,,,,,,,,,,,
,,,,,,,,,,,,,,,,,,
,,,,,,,,,,,,,,,,,,
,,,,,,,,,,,,,,,,,,
,,,,,,,,,,,,,,,,,,
,,,,,,,,,,,,,,,,,,
,,,,,,,,,,,,,,,,,,
,,,,,,,,,,,,,,,,,,
,,,,,,,,,,,,,,,,,,
,,,,,,,,,,,,,,,,,,
,,,,,,,,,,,,,,,,,,
,,,,,,,,,,,,,,,,,,
,,,,,,,,,,,,,,,,,,
,,,,,,,,,,,,,,,,,,
,,,,,,,,,,,,,,,,,,
,,,,,,,,,,,,,,,,,,
,,,,,,,,,,,,,,,,,,
,,,,,,,,,,,,,,,,,,
,,,,,,,,,,,,,,,,,,
,,,,,,,,,,,,,,,,,,
,,,,,,,,,,,,,,,,,,
,,,,,,,,,,,,,,,,,,
,,,,,,,,,,,,,,,,,,
,,,,,,,,,,,,,,,,,,
,,,,,,,,,,,,,,,,,,
,,,,,,,,,,,,,,,,,,
,,,,,,,,,,,,,,,,,,
,,,,,,,,,,,,,,,,,,
,,,,,,,,,,,,,,,,,,
,,,,,,,,,,,,,,,,,,
,,,,,,,,,,,,,,,,,,
,,,,,,,,,,,,,,,,,,
,,,,,,,,,,,,,,,,,,
,,,,,,,,,,,,,,,,,,
,,,,,,,,,,,,,,,,,,
,,,,,,,,,,,,,,,,,,
,,,,,,,,,,,,,,,,,,
,,,,,,,,,,,,,,,,,,
,,,,,,,,,,,,,,,,,,
,,,,,,,,,,,,,,,,,,
,,,,,,,,,,,,,,,,,,
,,,,,,,,,,,,,,,,,,
,,,,,,,,,,,,,,,,,,
,,,,,,,,,,,,,,,,,,
,,,,,,,,,,,,,,,,,,
,,,,,,,,,,,,,,,,,,
,,,,,,,,,,,,,,,,,,
,,,,,,,,,,,,,,,,,,
,,,,,,,,,,,,,,,,,,
,,,,,,,,,,,,,,,,,,
,,,,,,,,,,,,,,,,,,
,,,,,,,,,,,,,,,,,,
,,,,,,,,,,,,,,,,,,
,,,,,,,,,,,,,,,,,,
,,,,,,,,,,,,,,,,,,
,,,,,,,,,,,,,,,,,,
,,,,,,,,,,,,,,,,,,
,,,,,,,,,,,,,,,,,,
,,,,,,,,,,,,,,,,,,
,,,,,,,,,,,,,,,,,,
,,,,,,,,,,,,,,,,,,
,,,,,,,,,,,,,,,,,,
,,,,,,,,,,,,,,,,,,
,,,,,,,,,,,,,,,,,,
,,,,,,,,,,,,,,,,,,
,,,,,,,,,,,,,,,,,,
,,,,,,,,,,,,,,,,,,
,,,,,,,,,,,,,,,,,,
,,,,,,,,,,,,,,,,,,
,,,,,,,,,,,,,,,,,,
,,,,,,,,,,,,,,,,,,
,,,,,,,,,,,,,,,,,,
,,,,,,,,,,,,,,,,,,
,,,,,,,,,,,,,,,,,,
,,,,,,,,,,,,,,,,,,
,,,,,,,,,,,,,,,,,,
,,,,,,,,,,,,,,,,,,
,,,,,,,,,,,,,,,,,,
,,,,,,,,,,,,,,,,,,
,,,,,,,,,,,,,,,,,,
,,,,,,,,,,,,,,,,,,
,,,,,,,,,,,,,,,,,,
,,,,,,,,,,,,,,,,,,
,,,,,,,,,,,,,,,,,,
,,,,,,,,,,,,,,,,,,
,,,,,,,,,,,,,,,,,,
,,,,,,,,,,,,,,,,,,
,,,,,,,,,,,,,,,,,,
,,,,,,,,,,,,,,,,,,
,,,,,,,,,,,,,,,,,,
,,,,,,,,,,,,,,,,,,
,,,,,,,,,,,,,,,,,,
,,,,,,,,,,,,,,,,,,
,,,,,,,,,,,,,,,,,,
,,,,,,,,,,,,,,,,,,
,,,,,,,,,,,,,,,,,,
,,,,,,,,,,,,,,,,,,
,,,,,,,,,,,,,,,,,,
,,,,,,,,,,,,,,,,,,
,,,,,,,,,,,,,,,,,,
,,,,,,,,,,,,,,,,,,
,,,,,,,,,,,,,,,,,,
,,,,,,,,,,,,,,,,,,
,,,,,,,,,,,,,,,,,,
,,,,,,,,,,,,,,,,,,
,,,,,,,,,,,,,,,,,,
,,,,,,,,,,,,,,,,,,
,,,,,,,,,,,,,,,,,,
,,,,,,,,,,,,,,,,,,
,,,,,,,,,,,,,,,,,,
,,,,,,,,,,,,,,,,,,
,,,,,,,,,,,,,,,,,,
,,,,,,,,,,,,,,,,,,
,,,,,,,,,,,,,,,,,,
,,,,,,,,,,,,,,,,,,
,,,,,,,,,,,,,,,,,,
,,,,,,,,,,,,,,,,,,
,,,,,,,,,,,,,,,,,,
,,,,,,,,,,,,,,,,,,
,,,,,,,,,,,,,,,,,,
,,,,,,,,,,,,,,,,,,
,,,,,,,,,,,,,,,,,,
,,,,,,,,,,,,,,,,,,
,,,,,,,,,,,,,,,,,,
,,,,,,,,,,,,,,,,,,
,,,,,,,,,,,,,,,,,,
,,,,,,,,,,,,,,,,,,
,,,,,,,,,,,,,,,,,,
,,,,,,,,,,,,,,,,,,
,,,,,,,,,,,,,,,,,,
,,,,,,,,,,,,,,,,,,
,,,,,,,,,,,,,,,,,,
,,,,,,,,,,,,,,,,,,
,,,,,,,,,,,,,,,,,,
,,,,,,,,,,,,,,,,,,
,,,,,,,,,,,,,,,,,,
,,,,,,,,,,,,,,,,,,
,,,,,,,,,,,,,,,,,,
,,,,,,,,,,,,,,,,,,
,,,,,,,,,,,,,,,,,,
,,,,,,,,,,,,,,,,,,
,,,,,,,,,,,,,,,,,,
,,,,,,,,,,,,,,,,,,
,,,,,,,,,,,,,,,,,,
,,,,,,,,,,,,,,,,,,
,,,,,,,,,,,,,,,,,,
,,,,,,,,,,,,,,,,,,
,,,,,,,,,,,,,,,,,,
,,,,,,,,,,,,,,,,,,
,,,,,,,,,,,,,,,,,,
,,,,,,,,,,,,,,,,,,
,,,,,,,,,,,,,,,,,,
,,,,,,,,,,,,,,,,,,
,,,,,,,,,,,,,,,,,,
,,,,,,,,,,,,,,,,,,
,,,,,,,,,,,,,,,,,,
,,,,,,,,,,,,,,,,,,
,,,,,,,,,,,,,,,,,,
,,,,,,,,,,,,,,,,,,
,,,,,,,,,,,,,,,,,,
,,,,,,,,,,,,,,,,,,
,,,,,,,,,,,,,,,,,,
,,,,,,,,,,,,,,,,,,
,,,,,,,,,,,,,,,,,,
,,,,,,,,,,,,,,,,,,
,,,,,,,,,,,,,,,,,,
,,,,,,,,,,,,,,,,,,
,,,,,,,,,,,,,,,,,,
,,,,,,,,,,,,,,,,,,
,,,,,,,,,,,,,,,,,,
,,,,,,,,,,,,,,,,,,
,,,,,,,,,,,,,,,,,,
,,,,,,,,,,,,,,,,,,
,,,,,,,,,,,,,,,,,,
,,,,,,,,,,,,,,,,,,
,,,,,,,,,,,,,,,,,,
,,,,,,,,,,,,,,,,,,
,,,,,,,,,,,,,,,,,,
,,,,,,,,,,,,,,,,,,
,,,,,,,,,,,,,,,,,,
,,,,,,,,,,,,,,,,,,
,,,,,,,,,,,,,,,,,,
,,,,,,,,,,,,,,,,,,
,,,,,,,,,,,,,,,,,,
,,,,,,,,,,,,,,,,,,
,,,,,,,,,,,,,,,,,,
,,,,,,,,,,,,,,,,,,
,,,,,,,,,,,,,,,,,,
,,,,,,,,,,,,,,,,,,
,,,,,,,,,,,,,,,,,,
,,,,,,,,,,,,,,,,,,
,,,,,,,,,,,,,,,,,,
,,,,,,,,,,,,,,,,,,
,,,,,,,,,,,,,,,,,,
,,,,,,,,,,,,,,,,,,
,,,,,,,,,,,,,,,,,,
,,,,,,,,,,,,,,,,,,
,,,,,,,,,,,,,,,,,,
,,,,,,,,,,,,,,,,,,
,,,,,,,,,,,,,,,,,,
,,,,,,,,,,,,,,,,,,
,,,,,,,,,,,,,,,,,,
,,,,,,,,,,,,,,,,,,
,,,,,,,,,,,,,,,,,,
,,,,,,,,,,,,,,,,,,
,,,,,,,,,,,,,,,,,,
,,,,,,,,,,,,,,,,,,
,,,,,,,,,,,,,,,,,,
,,,,,,,,,,,,,,,,,,
,,,,,,,,,,,,,,,,,,
,,,,,,,,,,,,,,,,,,
,,,,,,,,,,,,,,,,,,
,,,,,,,,,,,,,,,,,,
,,,,,,,,,,,,,,,,,,
,,,,,,,,,,,,,,,,,,
,,,,,,,,,,,,,,,,,,
,,,,,,,,,,,,,,,,,,
,,,,,,,,,,,,,,,,,,
,,,,,,,,,,,,,,,,,,
,,,,,,,,,,,,,,,,,,
,,,,,,,,,,,,,,,,,,
,,,,,,,,,,,,,,,,,,
,,,,,,,,,,,,,,,,,,
,,,,,,,,,,,,,,,,,,
,,,,,,,,,,,,,,,,,,
,,,,,,,,,,,,,,,,,,
,,,,,,,,,,,,,,,,,,
,,,,,,,,,,,,,,,,,,
,,,,,,,,,,,,,,,,,,
,,,,,,,,,,,,,,,,,,
,,,,,,,,,,,,,,,,,,
,,,,,,,,,,,,,,,,,,
,,,,,,,,,,,,,,,,,,
,,,,,,,,,,,,,,,,,,
,,,,,,,,,,,,,,,,,,
,,,,,,,,,,,,,,,,,,
,,,,,,,,,,,,,,,,,,
,,,,,,,,,,,,,,,,,,
,,,,,,,,,,,,,,,,,,
,,,,,,,,,,,,,,,,,,
,,,,,,,,,,,,,,,,,,
,,,,,,,,,,,,,,,,,,
,,,,,,,,,,,,,,,,,,
,,,,,,,,,,,,,,,,,,
,,,,,,,,,,,,,,,,,,
,,,,,,,,,,,,,,,,,,
,,,,,,,,,,,,,,,,,,
,,,,,,,,,,,,,,,,,,
,,,,,,,,,,,,,,,,,,
,,,,,,,,,,,,,,,,,,
,,,,,,,,,,,,,,,,,,
,,,,,,,,,,,,,,,,,,
,,,,,,,,,,,,,,,,,,
,,,,,,,,,,,,,,,,,,
,,,,,,,,,,,,,,,,,,
,,,,,,,,,,,,,,,,,,
,,,,,,,,,,,,,,,,,,
,,,,,,,,,,,,,,,,,,
,,,,,,,,,,,,,,,,,,
,,,,,,,,,,,,,,,,,,
,,,,,,,,,,,,,,,,,,
,,,,,,,,,,,,,,,,,,
,,,,,,,,,,,,,,,,,,
,,,,,,,,,,,,,,,,,,
,,,,,,,,,,,,,,,,,,
,,,,,,,,,,,,,,,,,,
,,,,,,,,,,,,,,,,,,
,,,,,,,,,,,,,,,,,,
,,,,,,,,,,,,,,,,,,
,,,,,,,,,,,,,,,,,,
,,,,,,,,,,,,,,,,,,
,,,,,,,,,,,,,,,,,,
,,,,,,,,,,,,,,,,,,
,,,,,,,,,,,,,,,,,,
,,,,,,,,,,,,,,,,,,
,,,,,,,,,,,,,,,,,,
,,,,,,,,,,,,,,,,,,
,,,,,,,,,,,,,,,,,,
,,,,,,,,,,,,,,,,,,
,,,,,,,,,,,,,,,,,,
,,,,,,,,,,,,,,,,,,
,,,,,,,,,,,,,,,,,,
,,,,,,,,,,,,,,,,,,
,,,,,,,,,,,,,,,,,,
,,,,,,,,,,,,,,,,,,
,,,,,,,,,,,,,,,,,,
,,,,,,,,,,,,,,,,,,
,,,,,,,,,,,,,,,,,,
,,,,,,,,,,,,,,,,,,
,,,,,,,,,,,,,,,,,,
,,,,,,,,,,,,,,,,,,
,,,,,,,,,,,,,,,,,,
,,,,,,,,,,,,,,,,,,
,,,,,,,,,,,,,,,,,,
,,,,,,,,,,,,,,,,,,
,,,,,,,,,,,,,,,,,,
,,,,,,,,,,,,,,,,,,
,,,,,,,,,,,,,,,,,,
,,,,,,,,,,,,,,,,,,
,,,,,,,,,,,,,,,,,,
,,,,,,,,,,,,,,,,,,
,,,,,,,,,,,,,,,,,,
,,,,,,,,,,,,,,,,,,
,,,,,,,,,,,,,,,,,,
,,,,,,,,,,,,,,,,,,
,,,,,,,,,,,,,,,,,,
,,,,,,,,,,,,,,,,,,
,,,,,,,,,,,,,,,,,,
,,,,,,,,,,,,,,,,,,
,,,,,,,,,,,,,,,,,,
,,,,,,,,,,,,,,,,,,
,,,,,,,,,,,,,,,,,,
,,,,,,,,,,,,,,,,,,
,,,,,,,,,,,,,,,,,,
,,,,,,,,,,,,,,,,,,
,,,,,,,,,,,,,,,,,,
,,,,,,,,,,,,,,,,,,
,,,,,,,,,,,,,,,,,,
,,,,,,,,,,,,,,,,,,
,,,,,,,,,,,,,,,,,,
,,,,,,,,,,,,,,,,,,
,,,,,,,,,,,,,,,,,,
,,,,,,,,,,,,,,,,,,
,,,,,,,,,,,,,,,,,,
,,,,,,,,,,,,,,,,,,
,,,,,,,,,,,,,,,,,,
,,,,,,,,,,,,,,,,,,
,,,,,,,,,,,,,,,,,,
,,,,,,,,,,,,,,,,,,
,,,,,,,,,,,,,,,,,,
,,,,,,,,,,,,,,,,,,
,,,,,,,,,,,,,,,,,,
,,,,,,,,,,,,,,,,,,
,,,,,,,,,,,,,,,,,,
,,,,,,,,,,,,,,,,,,
,,,,,,,,,,,,,,,,,,
,,,,,,,,,,,,,,,,,,
,,,,,,,,,,,,,,,,,,
,,,,,,,,,,,,,,,,,,
,,,,,,,,,,,,,,,,,,
,,,,,,,,,,,,,,,,,,
,,,,,,,,,,,,,,,,,,
,,,,,,,,,,,,,,,,,,
,,,,,,,,,,,,,,,,,,
,,,,,,,,,,,,,,,,,,
,,,,,,,,,,,,,,,,,,
,,,,,,,,,,,,,,,,,,
,,,,,,,,,,,,,,,,,,
,,,,,,,,,,,,,,,,,,
,,,,,,,,,,,,,,,,,,
,,,,,,,,,,,,,,,,,,
,,,,,,,,,,,,,,,,,,
,,,,,,,,,,,,,,,,,,
,,,,,,,,,,,,,,,,,,
,,,,,,,,,,,,,,,,,,
,,,,,,,,,,,,,,,,,,
,,,,,,,,,,,,,,,,,,
,,,,,,,,,,,,,,,,,,
,,,,,,,,,,,,,,,,,,
,,,,,,,,,,,,,,,,,,
,,,,,,,,,,,,,,,,,,
,,,,,,,,,,,,,,,,,,
,,,,,,,,,,,,,,,,,,
,,,,,,,,,,,,,,,,,,
,,,,,,,,,,,,,,,,,,
,,,,,,,,,,,,,,,,,,
,,,,,,,,,,,,,,,,,,
,,,,,,,,,,,,,,,,,,
,,,,,,,,,,,,,,,,,,
,,,,,,,,,,,,,,,,,,
,,,,,,,,,,,,,,,,,,
,,,,,,,,,,,,,,,,,,
,,,,,,,,,,,,,,,,,,
,,,,,,,,,,,,,,,,,,
,,,,,,,,,,,,,,,,,,
,,,,,,,,,,,,,,,,,,
,,,,,,,,,,,,,,,,,,
,,,,,,,,,,,,,,,,,,
,,,,,,,,,,,,,,,,,,
,,,,,,,,,,,,,,,,,,
,,,,,,,,,,,,,,,,,,
,,,,,,,,,,,,,,,,,,
,,,,,,,,,,,,,,,,,,
,,,,,,,,,,,,,,,,,,
,,,,,,,,,,,,,,,,,,
,,,,,,,,,,,,,,,,,,
,,,,,,,,,,,,,,,,,,
,,,,,,,,,,,,,,,,,,
,,,,,,,,,,,,,,,,,,
,,,,,,,,,,,,,,,,,,
,,,,,,,,,,,,,,,,,,
,,,,,,,,,,,,,,,,,,
,,,,,,,,,,,,,,,,,,
,,,,,,,,,,,,,,,,,,
,,,,,,,,,,,,,,,,,,
,,,,,,,,,,,,,,,,,,
,,,,,,,,,,,,,,,,,,
,,,,,,,,,,,,,,,,,,
,,,,,,,,,,,,,,,,,,
,,,,,,,,,,,,,,,,,,
,,,,,,,,,,,,,,,,,,
,,,,,,,,,,,,,,,,,,
,,,,,,,,,,,,,,,,,,
,,,,,,,,,,,,,,,,,,
,,,,,,,,,,,,,,,,,,
,,,,,,,,,,,,,,,,,,
,,,,,,,,,,,,,,,,,,
,,,,,,,,,,,,,,,,,,
,,,,,,,,,,,,,,,,,,
,,,,,,,,,,,,,,,,,,
,,,,,,,,,,,,,,,,,,
,,,,,,,,,,,,,,,,,,
,,,,,,,,,,,,,,,,,,
,,,,,,,,,,,,,,,,,,
,,,,,,,,,,,,,,,,,,
,,,,,,,,,,,,,,,,,,
,,,,,,,,,,,,,,,,,,
,,,,,,,,,,,,,,,,,,
,,,,,,,,,,,,,,,,,,
,,,,,,,,,,,,,,,,,,
,,,,,,,,,,,,,,,,,,
,,,,,,,,,,,,,,,,,,
,,,,,,,,,,,,,,,,,,
,,,,,,,,,,,,,,,,,,
,,,,,,,,,,,,,,,,,,
,,,,,,,,,,,,,,,,,,
,,,,,,,,,,,,,,,,,,
,,,,,,,,,,,,,,,,,,
,,,,,,,,,,,,,,,,,,
,,,,,,,,,,,,,,,,,,
,,,,,,,,,,,,,,,,,,
,,,,,,,,,,,,,,,,,,
,,,,,,,,,,,,,,,,,,
,,,,,,,,,,,,,,,,,,
,,,,,,,,,,,,,,,,,,
,,,,,,,,,,,,,,,,,,
,,,,,,,,,,,,,,,,,,
,,,,,,,,,,,,,,,,,,
,,,,,,,,,,,,,,,,,,
,,,,,,,,,,,,,,,,,,
,,,,,,,,,,,,,,,,,,
,,,,,,,,,,,,,,,,,,
,,,,,,,,,,,,,,,,,,
,,,,,,,,,,,,,,,,,,
,,,,,,,,,,,,,,,,,,
,,,,,,,,,,,,,,,,,,
,,,,,,,,,,,,,,,,,,
,,,,,,,,,,,,,,,,,,
,,,,,,,,,,,,,,,,,,
,,,,,,,,,,,,,,,,,,
,,,,,,,,,,,,,,,,,,
,,,,,,,,,,,,,,,,,,
,,,,,,,,,,,,,,,,,,
,,,,,,,,,,,,,,,,,,
,,,,,,,,,,,,,,,,,,
,,,,,,,,,,,,,,,,,,
,,,,,,,,,,,,,,,,,,
,,,,,,,,,,,,,,,,,,
,,,,,,,,,,,,,,,,,,
,,,,,,,,,,,,,,,,,,
,,,,,,,,,,,,,,,,,,
,,,,,,,,,,,,,,,,,,
,,,,,,,,,,,,,,,,,,
,,,,,,,,,,,,,,,,,,
,,,,,,,,,,,,,,,,,,
,,,,,,,,,,,,,,,,,,
,,,,,,,,,,,,,,,,,,
,,,,,,,,,,,,,,,,,,
,,,,,,,,,,,,,,,,,,
,,,,,,,,,,,,,,,,,,
,,,,,,,,,,,,,,,,,,
,,,,,,,,,,,,,,,,,,
,,,,,,,,,,,,,,,,,,
,,,,,,,,,,,,,,,,,,
,,,,,,,,,,,,,,,,,,
,,,,,,,,,,,,,,,,,,
,,,,,,,,,,,,,,,,,,
,,,,,,,,,,,,,,,,,,
,,,,,,,,,,,,,,,,,,
,,,,,,,,,,,,,,,,,,
,,,,,,,,,,,,,,,,,,
,,,,,,,,,,,,,,,,,,
,,,,,,,,,,,,,,,,,,
,,,,,,,,,,,,,,,,,,
,,,,,,,,,,,,,,,,,,
,,,,,,,,,,,,,,,,,,
,,,,,,,,,,,,,,,,,,
,,,,,,,,,,,,,,,,,,
,,,,,,,,,,,,,,,,,,
,,,,,,,,,,,,,,,,,,
,,,,,,,,,,,,,,,,,,
,,,,,,,,,,,,,,,,,,
,,,,,,,,,,,,,,,,,,
,,,,,,,,,,,,,,,,,,
,,,,,,,,,,,,,,,,,,
